Product_SKU,Product_Name_Lao,Product_Name_Thai,Product_Name_PAC,Brand_Group,Is_Strategic,Is_Incentive,Classification,Unit
08452,Arotika cool gel 35g BDC,Arotika cool gel 35g BDC,Arotika cool gel 35g BDC,Arotika,Yes,Yes,Strategic,ຫຼອດTub
17225,Arotika cool spray 60ml,Arotika cool spray 60ml,Arotika cool spray 60ml,Arotika,Yes,Yes,Strategic,ກ້ອງFl
08449,Arotika rub 15g BDC,Arotika rub 15g BDC,Arotika rub 15g BDC,Arotika,Yes,Yes,Strategic,ຫຼອດTub
08450,Arotika rub 35g BDC,Arotika rub 35g BDC,Arotika rub 35g BDC,Arotika,Yes,Yes,Strategic,ຫຼອດTub
08451,Arotika rub lotion 60ml BDC,Arotika rub lotion 60ml BDC,Arotika rub lotion 60ml BDC,Arotika,Yes,Yes,Strategic,ກ້ອງFl
13233,Arotika sport cream 15g BDC,Arotika sport cream 15g BDC,Arotika sport cream 15g BDC,Arotika,Yes,Yes,Strategic,ຫຼອດTub
11795,Arotika sport cream 35g BDC,Arotika sport cream 35g BDC,Arotika sport cream 35g BDC,Arotika,Yes,Yes,Strategic,ຫຼອດTub
11850,Arotika sport milky lotion 80ml,Arotika sport milky lotion 80ml,Arotika sport milky lotion 80ml,Arotika,Yes,Yes,Strategic,ກ້ອງFl
10398,Cleanoze ເກືອລ້າງດັງ 20x2.265g,Cleanoze เกลือล้างจมูก 20x2.265g,Cleanoze Cleanoze Nasal Salt 20x2.265g,Cleanoze,No,No,General,ກັບ
12937,Clena scar acne spot gel 7g,Clena scar acne spot gel 7g,Clena scar acne spot gel 7g,Clenascar,Yes,Yes,Strategic,ຫຼອດTub
13034,Clena scar C gel 7g,Clena scar C gel 7g,Clena scar C gel 7g,Clenascar,Yes,Yes,Strategic,ຫຼອດTub
18544,Clena TM EX (Anti melasma) 15g,Clena TM EX (Anti melasma) 15g,Clena TM EX (Anti melasma) 15g,Clenascar,Yes,Yes,Strategic,ຫຼອດTub
19502,Clenascar acne spot gel 7g,Clenascar acne spot gel 7g,Clenascar acne spot gel 7g,Clenascar,Yes,Yes,Strategic,ຫຼອດTub
10799,Clenascar gel 15g BDC,Clenascar gel 15g BDC,Clenascar gel 15g BDC,Clenascar,Yes,Yes,Strategic,ຫຼອດTub
10800,Clenascar gel 35g BDC,Clenascar gel 35g BDC,Clenascar gel 35g BDC,Clenascar,Yes,Yes,Strategic,ຫຼອດTub
11132,Clenascar gel 7g BDC,Clenascar gel 7g BDC,Clenascar gel 7g BDC,Clenascar,Yes,Yes,Strategic,ຫຼອດTub
12725,Clenascar gental face wash 50ml BDC,Clenascar gental face wash 50ml BDC,Clenascar gental face wash 50ml BDC,Clenascar,Yes,Yes,Strategic,ຫຼອດTub
11446,Clenascar post acne gel 7g BDC,Clenascar post acne gel 7g BDC,Clenascar post acne gel 7g BDC,Clenascar,Yes,Yes,Strategic,ຫຼອດTub
07417,Clindamycin 300mg 10Bl/Box PH,Clindamycin 300mg 10Bl/Box PH,Clindamycin 300mg 10Bl/Box PH,Clindamycin,No,No,General,ແຜງ
07846,Clinicold 10Tab/Box BDC,Clinicold 10Tab/Box BDC,Clinicold 10Tab/Box BDC,Clinicold,No,No,General,ກັບ
05108,Clinovir (Acyclovir) 400mg 5Bl/Box BDC,Clinovir (Acyclovir) 400mg 5Bl/Box BDC,Clinovir (Acyclovir) 400mg 5Bl/Box BDC,Clinovir,No,No,General,ແຜງ
08455,Diabe derm cream (10%) 100g BDC,Diabe derm cream (10%) 100g BDC,Diabe derm cream (10%) 100g BDC,Diabederm,Yes,Yes,Strategic,ຫຼອດTub
18911,Fango-BD (ໂຄຕິມາໂຊນ 1% / ເບຕາເມທາໂຊນ 0.1%) ຄຼີມ 5g,Fango-BD (โคลไตรมาโซล 1% / เบทาเมทาโซน 0.1%) ครีม 5g,Fango-BD (Clotrimazole 1% / Betamethasone 0.1%) cream 5g,Fango,Yes,No,Strategic,ຫຼອດTub
10399,Feenoze nasal spray 20ml BDC,Feenoze nasal spray 20ml BDC,Feenoze nasal spray 20ml BDC,Feenoze,No,No,General,ກ້ອງFl
17847,Finasteride 1mg 3Bl/Box,Finasteride 1mg 3Bl/Box,Finasteride 1mg 3Bl/Box,Finasteride,Yes,Yes,Strategic,ແຜງ
17224,Gastro bismol 524,Gastro bismol 524,Gastro bismol 524 10Bl/Box,Gastro-Bismol,Yes,No,Strategic,ແຜງ
03358,Gastrosec (ໂອເມປຼາໂຊນ) 20mg BDC,Gastrosec (โอเมพราโซล) 20mg BDC,Gastrosec (Omeprazole) 20mg BDC,Gastrosec,No,No,General,ກັບ
18422,Hepivir (ຢາປົວໄວຣັສຕັບອັກເສບ ບີ) 0.5mg 3ແຜງ/ກັບ TH,Hepivir (ยารักษาไวรัสตับอักเสบบี) 0.5mg 3แผง/กล่อง TH,Hepivir (Hepatitis B) entecavir 0.5mg 3Bl/Box TH,Hepivir,Yes,No,Strategic,ແຜງ
09178,Kachana (Black) 3Bl/Box BDC,Kachana (Black) 3Bl/Box BDC,Kachana (Black) 3Bl/Box BDC,Kachana,Yes,No,Strategic,ກັບ
09177,Kachana-90 3Bl/Box BDC,Kachana-90 3Bl/Box BDC,Kachana-90 3Bl/Box BDC,Kachana,Yes,No,Strategic,ກັບ
14275,Nacoxib (Etoricoxib) 90mg,Nacoxib (Etoricoxib) 90mg,Nacoxib (Etoricoxib) 90mg,Nacoxib,Yes,Yes,Strategic,ກັບ
18610,Precius (Pregabalin) 75mg 6Bl/Box,Precius (Pregabalin) 75mg 6Bl/Box,Precius (Pregabalin) 75mg 6Bl/Box,Precius,Yes,No,Strategic,ແຜງ
19504,Raqua cleansing gel 80ml,Raqua cleansing gel 80ml,Raqua cleansing gel 80ml,Raqua,Yes,Yes,Strategic,ຫຼອດTub
19503,Raqua glow facce wash 50ml,Raqua glow facce wash 50ml,Raqua glow facce wash 50ml,Raqua,Yes,Yes,Strategic,ຫຼອດTub
05094,Spasium 20mg 10Bl/Box BDC,Spasium 20mg 10Bl/Box BDC,Spasium 20mg 10Bl/Box BDC,Spasium,No,No,General,ແຜງ
17226,Tristan (Etoricoxib) 90mg,Tristan (Etoricoxib) 90mg,Tristan (Etoricoxib) 90mg,Tristan,Yes,Yes,Strategic,ກັບນ້ອຍ
01072,ກາສໂຕ ບິສໂມນ ບົວ 240ml BDC,กาสโตร บิสมอล ชมพู 240ml BDC,Gastro-Bismol Pink 240ml BDC,Gastro-Bismol,Yes,No,Strategic,ກ້ອງFl
01103,ກາຍໂນເຈຊິກ (ເມເຟນາມິກ ອາຊິດ) 500mg 10ແຜງ/ກັບ BDC,ไกโนเจซิค (กรดเมเฟนามิก) 500mg 10แผง/กล่อง BDC,Gynogesic (Mefenamic acid) 500mg 10Bl/Box BDC,Gynogesic,No,No,General,ແຜງ
01102,ກາຍໂນເຈຊິກ (ເມເຟນາມິກ ອາຊິດ) 500mg 500ເມັດ/ປ໋ອງ BDC,ไกโนเจซิค (กรดเมเฟนามิก) 500mg 500เม็ด/กระปุก BDC,Gynogesic ( ) 500mg 500Tab/Bottle BDC,Gynogesic,No,No,General,ປ໋ອງ
01107,ກາຍໂນເວຍ (ອາຊີໂຄເວຍ) ຄຼີມ 5g BDC,ไกโนเวียร์ (อะไซโคลเวียร์) ครีม 5g BDC,Gynovir () Cream 5g BDC,Gynovir,No,No,General,ຫຼອດTub
03883,ກາດສໂຕບີຊາມອນ 10ແຜງ/ກັບ BDC,กาสโตรบิสมอล 10แผง/กล่อง BDC,Gastro-Bismol 10Bl/Box BDC,Gastro-Bismol,Yes,No,Strategic,ແຜງ
03886,"ກູຕີຊິນ (ໂຄຊີຊິນ) 0,6mg 10ແຜງ/ກັບ FML","กูติซิน (โคลชิซิน) 0,6mg 10แผง/กล่อง FML","Guticin () 0,6mg 10Bl/Box FML",Guticin,No,No,General,ແຜງ
03880,ກູລໂກຄຼອນ (ກຼີກຼາຊາຍ) 80mg BDC,กลูโคครอน (กลิคาไซด์) 80mg BDC,Glucocron () 80mg BDC,Glucocron,No,No,General,ແຜງ
03653,ກູລໂກຊາ 1500mg ຄລາຊິກ 30ຊອງ/ກັບ BDC,กลูโคซ่า 1500mg คลาสสิก 30ซอง/กล่อง BDC,Glucosa 1500mg Classic 30Sach/Box BDC,Glucosa,Yes,Yes,Strategic,ກັບ
03654,ກູລໂກຊາ 1500mg ໝາກນາວ 30ຊອງ/ກັບ BDC,กลูโคซ่า 1500mg มะนาว 30ซอง/กล่อง BDC,Glucosa 1500mg lemon 30Sach/Box BDC,Glucosa,Yes,Yes,Strategic,ກັບ
01091,ກູລໂກຊາ 1500mg ແດງ 30ຊອງ/ກັບ BDC,กลูโคซ่า 1500mg สีแดง 30ซอง/กล่อง BDC,Glucosa 1500mg Red 30Sach/Box BDC,Glucosa,Yes,Yes,Strategic,ກັບ
01092,ກູລໂກຊາ 250mg 10ແຜງ/ກັບ BDC,กลูโคซ่า 250mg 10แผง/กล่อง BDC,Glucosa 250mg 10Bl/Box BDC,Glucosa,Yes,Yes,Strategic,ແຜງ
01093,ກູລໂກຊາ 500mg 100ເເຄັບຊູນ/ປ໋ອງ BDC,กลูโคซ่า 500mg 100แคปซูล/กระปุก BDC,Glucosa 500mg 100Cap/Bottle BDC,Glucosa,Yes,Yes,Strategic,ເມັດTab
01094,ກູລໂກຊາ 500mg 10ແຜງ/ກັບ BDC,กลูโคซ่า 500mg 10แผง/กล่อง BDC,Glucosa 500mg 10Bl/Box BDC,Glucosa,Yes,Yes,Strategic,ແຜງ
01086,ກູລໂກແດບ (ກີລປີຊາຍ) 5mg 50ແຜງ/ກັບ BDC,กลูโคแดบ (กลิพิไซด์) 5mg 50แผง/กล่อง BDC,Glucodab () 5mg 50Bl/Box BDC,Glucodab,No,No,General,ແຜງ
17849,ຄາຊ່າ ພລັສ 30ເມັດ/ປ໋ອງ,คาช่า พลัส 30เม็ด/กระปุก,Kachaa Plus 30Tab/Bottle,Kachana,Yes,No,Strategic,ປ໋ອງ
17848,ຄາຊ່າ ໄນໂຕະ 30ເມັດ/ປ໋ອງ,คาช่า ไนโตะ 30เม็ด/กระปุก,Kachaa Nito 30Tab/Bottle,Kachana,Yes,No,Strategic,ປ໋ອງ
05941,ຄີນີວັດ ຄຼີມ 15g BDC,คลีนิเวท ครีม 15g BDC,Klenivet Cream 15g BDC,Klenivet,No,No,General,ຫຼອດTub
05089,ຄີນີວັດ ຄຼີມ 450g BDC,คลีนิเวท ครีม 450g BDC,Klenivet Cream 450g BDC,Klenivet,No,No,General,ກະປຸກ
00660,ຄີນີວັດ ຄຼີມ 5g BDC,คลีนิเวท ครีม 5g BDC,Klenivet Cream 5g BDC,Klenivet,No,No,General,ຫຼອດTub
05942,ຄີນີວັດ-ເອັນ ຄຼີມ 15g BDC,คลีนิเวท-เอ็น ครีม 15g BDC,Clinivate-N cream 15g BDC,Klenivet,No,No,General,ຫຼອດTub
03417,ຄີນີວັດ-ເອັນ ຄຼີມ 450g BDC,คลีนิเวท-เอ็น ครีม 450g BDC,Klenivet-N Cream 450g BDC,Klenivet,No,No,General,ປ໋ອງ
00661,ຄີນີວັດ-ເອັນ ຄຼີມ 5g BDC,คลีนิเวท-เอ็น ครีม 5g BDC,Clinivate-N cream 5g BDC,Klenivet,No,No,General,ຫຼອດTub
00658,ຄີນີເຈວ (ວັດເຊີລິນ) 50g BDC,คลีนิเจล (วาสลิน) 50g BDC,Clinigel (Vaseline) 50g BDC,Clinigel,No,No,General,ຫຼອດTub
00659,ຄີນີເປດ (ເປດນີໂຊໂລນ) ຄຼີມ 5g BDC,คลีนิเปร็ด (เพรดนิโซโลน) ครีม 5g BDC,Klenipred () Cream 5g BDC,Klenipred,No,No,General,ຫຼອດTub
05943,ຄີໂນເດີມ ຄຼີມ 15g BDC,คลีโนเดิร์ม ครีม 15g BDC,Clinoderm cream 15g BDC,Clinoderm,No,No,General,ຫຼອດTub
00664,ຄີໂນເວຍ (ອາຊິດຄໍເວຍ) 200mg BDC,คลีโนเวียร์ (อะไซโคลเวียร์) 200mg BDC,Clinovir (Acidclovir) 200mg BDC,Clinovir,No,No,General,ແຜງ
00663,ຄີໂນເວຍ (ອາຊິດຄໍເວຍ) ຄຼີມ 5g BDC,คลีโนเวียร์ (อะไซโคลเวียร์) ครีม 5g BDC,Clinovir (Acidclovir) cream 5g BDC,Clinovir,No,No,General,ຫຼອດTub
07940,ຄຼີນນາສກາ ເຈວ 15g BDC,คลีนาสการ์ เจล 15g BDC,Clenascar Gel 15g BDC,Clenascar,Yes,Yes,Strategic,ຫຼອດTub
08637,ຄຼີນນາສກາ ເຈວ 7g BDC,คลีนาสการ์ เจล 7g BDC,Clenascar Gel 7g BDC,Clenascar,Yes,Yes,Strategic,ຫຼອດTub
08882,ຄຼີນີເມດ (ຊີເມຕີດິນ) 400mg 500ແຄັບຊູນ/ປ໋ອງ BDC,คลีนิเมด (ไซเมทิดีน) 400mg 500แคปซูล/กระปุก BDC,Klenimed () 400mg 500Cap/Bottle BDC,Klenimed,No,No,General,ປ໋ອງ
07427,ຄຼີນີເມດ (ຊີເມຕີດິນ) 400mg 50ແຜງ/ກັບ BDC,คลีนิเมด (ไซเมทิดีน) 400mg 50แผง/กล่อง BDC,Clinimet (Cimetidine) 400mg 50Bl/Box BDC,Klenimed,No,No,General,ແຜງ
00662,ຄຼີໂນເດີມ (ຄໍເບຕາໂຊນ) ຄຼີມ 5g BDC,คลีโนเดิร์ม (โคลเบทาโซน) ครีม 5g BDC,Clinoderm (Clobetaso) cream 5g BDC,Clinoderm,No,No,General,ຫຼອດTub
03858,ຄຼີໂນເດີມ (ໂຄເບຕາໂຊນ) ຄຼີມ 450g BDC,คลีโนเดิร์ม (โคลเบทาโซน) ครีม 450g BDC,Kleniderm () Cream 450g BDC,Kleniderm,No,No,General,ປ໋ອງ
07998,ຈີ-ບີຊາໂມນ ນໍ້າ (ໝາກກ້ຽງ) 240ml BDC,จี-บิสมอล น้ำ (ส้ม) 240ml BDC,G-Bismol Syr (Orange) 240ml BDC,Gastro-Bismol,Yes,No,Strategic,ກ້ອງFl
07777,ຈີ-ບີຊາໂມນ ນໍ້າ 240ml (ສີບົວ) BDC,จี-บิสมอล น้ำ 240ml (สีชมพู) BDC,Gi-Bismol syrup 240ml (Prink) BDC,Gastro-Bismol,Yes,No,Strategic,ກ້ອງFl
10191,ສປາດໂກປັງ (ບຸດສໂກປັງ) 10mg 500ເມັດ/ປ໋ອງ BDC,สปาสโคแพน (บัสโคแพน) 10mg 500เม็ด/กระปุก BDC,Spascopan (Buscopan) 10mg 500Tab/Bott BDC,Spascopan,No,No,General,ປ໋ອງ
00038,ສປາດໂກປັງ (ບຸດສໂກປັງ) 10mg 500ເມັດ/ປ໋ອງ BDC,สปาสโคแพน (บัสโคแพน) 10mg 500เม็ด/กระปุก BDC,Spascopan () 10mg 500Tab/Bottle BDC,Spascopan,No,No,General,ຖົງ(20)
08283,ສະກິນເຟກ-ບີ ຄຼີມ 5g BDC,สกินเฟก-บี ครีม 5g BDC,Skinfect-B Cream 5g BDC,Skinfect,No,No,General,ຫຼອດTub
05945,ສະກິນເຟັກ (ຊັງຕ້າໄມຊິນ) ຄຼີມ 15g BDC,สกินเฟก (เจนตามัยซิน) ครีม 15g BDC,Skinfect () Cream 15g BDC,Skinfect,No,No,General,ຫຼອດTub
01735,ສະກິນເຟັກ (ຊັງຕ້າໄມຊິນ) ຄຼີມ 5g BDC,สกินเฟก (เจนตามัยซิน) ครีม 5g BDC,Skinfect (Gentamicin) cream 5g BDC,Skinfect,No,No,General,ຫຼອດTub
05254,ສະກິນເຟັກ-ບີ ຄຼີມ 15g BDC,สกินเฟก-บี ครีม 15g BDC,Skinfect-B Cream 15g BDC,Skinfect,No,No,General,ຫຼອດTub
02071,ສະຕູຈິ້ນ (ຊິນນາລີຊິນ) 25mg 1000ເມັດ/ປ໋ອງ BDC,สตูจิน (ซินนาริซีน) 25mg 1000เม็ด/กระปุก BDC,Stugin () 25mg 1000Tab/Bottle BDC,Stugin,No,No,General,ປ໋ອງ
02072,ສະຕູຈິ້ນ (ຊິນນາລີຊິນ) 25mg 50ແຜງ/ກັບ BDC,สตูจิน (ซินนาริซีน) 25mg 50แผง/กล่อง BDC,Stugin (Cinnarizine) 25mg 50Bl/Box BDC,Stugin,No,No,General,ແຜງ
06538,ສະປາດໂກປັງ (ບຸດສໂກປັງ) 10mg 50ແຜງ/ກັບ BDC,สปาสโคแพน (บัสโคแพน) 10mg 50แผง/กล่อง BDC,Spascopan (Buscopan) 10mg 50Bl/Box BDC,Spascopan,No,No,General,ແຜງ
05020,ສະໂປລາຊີວ (ເກໂຕໂກນາໂຊນ) ຄຼີມ 15g BDC,สปอแร็กซิล (คีโตโคนาโซล) ครีม 15g BDC,Sporaxyl (Ketoconasol) cream 15g BDC,Sporosil,No,No,General,ຫຼອດTub
01759,ສະໂປລາຊີວ (ເກໂຕໂກນາໂຊນ) ຄຼີມ 5g BDC,สปอแร็กซิล (คีโตโคนาโซล) ครีม 5g BDC,Sporaxyl (Ketoconasol) cream 5g BDC,Sporosil,No,No,General,ຫຼອດTub
01760,ສະໂປໂລຊີວ (ເກໂຕໂກນາໂຊນ) 200mg 10ເມັດ/ກັບ BDC,สปอโรซิล (คีโตโคนาโซล) 200mg 10เม็ด/กล่อง BDC,Sporosil () 200mg 10Tab/Box BDC,Sporosil,No,No,General,ກັບ
01758,ສະໂປໂລຊີວ (ເກໂຕໂກນາໂຊນ) 200mg 10ແຜງ/ກັບ BDC,สปอโรซิล (คีโตโคนาโซล) 200mg 10แผง/กล่อง BDC,Sporoxyl (Ketoconasol) 200mg 10Bl/Box BDC,Sporosil,No,No,General,ແຜງ
01958,"ຊີໂນ ຄຼີມ 0,02% 15g BDC","ซีโน ครีม 0,02% 15g BDC","Zyno cream 0,02% 15g BDC",Zeno,No,No,General,ຫຼອດTub
01957,"ຊີໂນ ຄຼີມ 0,02% 5g 12ຫຼອດ/ແພັກ BDC","ซีโน ครีม 0,02% 5g 12หลอด/แพ็ค BDC","Zyno cream 0,02% 5g 12Tub/Pack BDC",Zeno,No,No,General,ຫຼອດTub
04220,"ຊີໂນ ຄຼີມ 0,1% 15g BDC","ซีโน ครีม 0,1% 15g BDC","Zyno cream 0,1% 15g BDC",Zeno,No,No,General,ຫຼອດTub
03519,"ຊີໂນ ຄຼີມ 0,1% 5g BDC","ซีโน ครีม 0,1% 5g BDC","Zyno cream 0,1% 5g BDC",Zeno,No,No,General,ຫຼອດTub
00644,ຊີໂປຼຊິນ (ຊີໂປຼໂຟຼຊາຊິນ) 500mg 10ແຜງ/ກັບ FML,ซิโปรซิน (ซิโปรฟลอกซาซิน) 500mg 10แผง/กล่อง FML,Ciproxyl (Ciprofloxacin) 500mg 10Bl/Box FML,Ciprocin,No,No,General,ແຜງ
10397,ຊຸດລ້າງດັງ Cleanoze 250ml,ชุดล้างจมูก Cleanoze 250ml,Cleanoze Nasal Kit Cleanoze 250ml,Cleanoze,No,No,General,ກັບ
00863,ດອມເພີ-ເອັມ (ດອມເພີຣີໂດນ) 10mg BDC,ดอมเพอร์-เอ็ม (ดอมเพอริโดน) 10mg BDC,Domper-M (Domperidone) 10mg BDC,Domper-M,No,No,General,ແຜງ
03871,ດອມເພີ-ເອັມ (ດອມເພີຣີໂດນ) 10mg ເມັດ BDC,ดอมเพอร์-เอ็ม (ดอมเพอริโดน) 10mg เม็ด BDC,Domper-M () 10mg Tab BDC,Domper-M,No,No,General,ເມັດTab
00873,ດົກຊີ ແຄັບ (ດົກຊີຊິນລິນ) 100mg 50ແຜງ/ກັບ BDC,ด็อกซี แคป (ด็อกซีไซคลิน) 100mg 50แผง/กล่อง BDC,Doxy Cap (Doxycycline) 100mg 50Bl/Box BDC,Doxy,No,No,General,ແຜງ
00875,ດົກຊີຊິນລິນ 100mg 500ແຄັບຊູນ/ປ໋ອງ BDC,ด็อกซีไซคลิน 100mg 500แคปซูล/กระปุก BDC,Doxycycline 100mg 500Cap/Bottle BDC,Doxycycline,No,No,General,ປ໋ອງ
01825,ທາໂດນເຈສິກ 50mg 10ແຜງ/ກັບ BDC,ทราดอลเจสิก 50mg 10แผง/กล่อง BDC,Tradolgesic 50mg 10Bl/Box BDC,Tradolgesic,No,No,General,ແຜງ
01826,ທາໂດນເຈສິກ 50mg 500ແຄັບຊູນ/ປ໋ອງ BDC,ทราดอลเจสิก 50mg 500แคปซูล/กระปุก BDC,Tradolgesic 50mg 500Cap/Bottle BDC,Tradolgesic,No,No,General,ແຄັບຊູນ
01477,ນໍຟຼອກຊິນ (ນໍຟຼອກຊາຊິນ) 400mg 10ແຜງ/ກັບ BDC,นอร์ฟล็อกซิน (นอร์ฟล็อกซาซิน) 400mg 10แผง/กล่อง BDC,Norfloxin () 400mg 10Bl/Box BDC,Norfloxin,No,No,General,ແຜງ
01478,ນໍຟຼອກຊິນ (ນໍຟຼອກຊາຊິນ) 400mg 500ເມັດ/ປ໋ອງ BDC,นอร์ฟล็อกซิน (นอร์ฟล็อกซาซิน) 400mg 500เม็ด/กระปุก BDC,Norfloxin () 400mg 500Tab/Bottle BDC,Norfloxin,No,No,General,ປ໋ອງ
00430,ບິນດູເລຕິກ 50mg 50ແຜງ/ກັບ BDC,บินดูเรติก 50mg 50แผง/กล่อง BDC,Binduretic 50mg 50Bl/Box BDC,Binduretic,No,No,General,ແຜງ
00500,ບີ-ທີມິນ 50ແຜງ/ກັບ BDC,บี-ธีมิน 50แผง/กล่อง BDC,B-Themin 50Bl/Box BDC,B-Themin,No,No,General,ແຜງ
00999,ຟາຕຸດຊິນ 10ແຜງ/ກັບ 15mg FML,ฟาตุสซิน 10แผง/กล่อง 15mg FML,Fartussin 10Bl/Box 15mg FML,Fartussin,No,No,General,ແຜງ
01055,"ຟາມາກ໋ອນ 2,5mg 50ແຜງ/ກັບ BDC","ฟาร์มาคอน 2,5mg 50แผง/กล่อง BDC","Pharmacon 2,5mg 50Bl/Box BDC",Pharmacon,No,No,General,ແຜງ
04720,ຟາມາເຊັບ (ເຊຟູໂຣຊິມ) 250mg 10ເມັດ/ແຜງ FML,ฟาร์มาเซฟ (เซฟูรอกซิม) 250mg 10เม็ด/แผง FML,Pharmacef (Cefuroxime) 250mg 10Tab/Bl FML,Pharmacef,No,No,General,ເມັດTab
04191,ຟາມາເຊັບ (ເຊຟູໂຣຊິມ) 500mg 1ແຜງ/ກັບ FML,ฟาร์มาเซฟ (เซฟูรอกซิม) 500mg 1แผง/กล่อง FML,Pharmacef (Cefuroxime) 500mg 1Bl/Box FML,Pharmacef,No,No,General,ເມັດTab
00994,ຟາໂມແທບ (ຟາໂມຕີດິນ) 40mg 500ເມັດ/ປ໋ອງ BDC,ฟาโมแทบ (ฟาโมทิดีน) 40mg 500เม็ด/กระปุก BDC,Famotab () 40mg 500Tab/Bottle BDC,Famotab,No,No,General,ປ໋ອງ
00995,ຟາໂມແທບ (ຟາໂມຕີດິນ) 40mg 50ແຜງ/ກັບ BDC,ฟาโมแทบ (ฟาโมทิดีน) 40mg 50แผง/กล่อง BDC,Famotab () 40mg 50Bl/Box BDC,Famotab,No,No,General,ແຜງ
01042,ຟູນາລີຊິນ 50ແຜງ/ກັບ 5mg BDC,ฟลูนาริซีน 50แผง/กล่อง 5mg BDC,Flunarizine 50Bl/Box 5mg BDC,Flunarizine,No,No,General,ແຜງ
01043,ຟູນາລີຊິນ 5mg 1000ແຄັບຊູນ/ປ໋ອງ BDC,ฟลูนาริซีน 5mg 1000แคปซูล/กระปุก BDC,Flunarizine 5mg 1000Cap/Bottle BDC,Flunarizine,No,No,General,ປ໋ອງ
01382,ມາຍໂກຊິນ 125mg 1000ເມັດ/ປ໋ອງ BDC,ไมโคซิน 125mg 1000เม็ด/กระปุก BDC,Mycosin 125mg 1000Tab/Bottle BDC,Mycosin,No,No,General,ປ໋ອງ
03881,ມາຍໂອລາ (ອາເຊຕາມີໂນ+ຊໍໂຊ) 550mg BDC,ไมโอลา (พาราเซตามอล+คลอร์โซซาโซน) 550mg BDC,Myola (+) 550mg BDC,Myola,No,No,General,ແຜງ
01341,ມູໂຄບ໋ອກ 30mg 50ແຜງ/ກັບ BDC,มิวโคบ็อกซ์ 30mg 50แผง/กล่อง BDC,Mucobox 30mg 50Bl/Box BDC,Mucobox,No,No,General,ແຜງ
01340,ມູໂຄບ໋ອກ 500ເມັດ/ປ໋ອງ BDC,มิวโคบ็อกซ์ 500เม็ด/กระปุก BDC,Mucobox 500Tab/Bottle BDC,Mucobox,No,No,General,ປ໋ອງ
01342,ມູໂຄບ໋ອກ ນໍ້າ 60ml BDC,มิวโคบ็อกซ์ น้ำ 60ml BDC,Mucobox Syr 60ml BDC,Mucobox,No,No,General,ກ້ອງFl
01709,ລ໋ອກຊີໂຕຼຊິນ (ລ໋ອກຊີໂຕຼມາຍຊິນ) 150mg 10ແຜງ/ກັບ BDC,ร็อกซิโทรซิน (ร็อกซิโทรไมซิน) 150mg 10แผง/กล่อง BDC,Roxithromycin () 150mg 10Bl/Box BDC,Roxithromycin,No,No,General,ແຜງ
19685,ອາຊາມິນ (ຕັງຊາມິກ ອາຊິດ) 250mg 50ແຜງ/ກັບ,อากซามิน (กรดทราเนกซามิก) 250mg 50แผง/กล่อง,Axamin (Tranexamic Acid) 250mg 50Bl/Box,Axamin,Yes,No,Strategic,ແຜງ
07226,ອາຊາມິນ 500mg (ຕັງຊາມິກ ອາຊິດ) 500ແຄັບຊູນ/ປ໋ອງ BDC,อากซามิน 500mg (กรดทราเนกซามิก) 500แคปซูล/กระปุก BDC,Axamin 500mg ( ) 500Cap/Bottle BDC,Axamin,Yes,No,Strategic,ເມັດTab
00369,ອານເລີແລ໋ກ-ເອັຟຊີ 10mg 1000ເມັດ/ປ໋ອງ BDC,อัลเลอแร็กซ์-เอฟซี 10mg 1000เม็ด/กระปุก BDC,Allerax-Fc 10mg 1000Tab/Bott BDC,Allerlax,No,No,General,ປ໋ອງ
00368,ອານເລີແລ໋ກ-ເອັຟຊີ 10mg 50ແຜງ/ກັບ BDC,อัลเลอแร็กซ์-เอฟซี 10mg 50แผง/กล่อง BDC,Allerax-Fc 10mg 50Bl/Box BDC,Allerlax,No,No,General,ແຜງ
09966,ເຊພາເລັກຊິນ 500mg 100ແຄັບຊູນ/ປ໋ອງ BCD,เซฟาเลกซิน 500mg 100แคปซูล/กระปุก BCD,Cefalexin 500mg 100Cap/Bottle BCD,Cephalexyl,No,No,General,ປ໋ອງ
08881,ເຊຟ້າເລັກຊິນ 500mg 10ແຜງ/ກັບ BDC,เซฟาเลกซิน 500mg 10แผง/กล่อง BDC,Cefalexin 500mg 10Bl/Box BDC,Cephalexyl,No,No,General,ແຜງ
00611,ເຊຟາເລັກຊິນ 500mg 10ແຜງ/ກັບ BDC,เซฟาเลกซิน 500mg 10แผง/กล่อง BDC,Cefalexin 500mg 10Bl/Box BDC,Cephalexyl,No,No,General,ແຜງ
00610,ເຊຟາເລັກຊິນ 500mg 500ແຄັບຊູນ/ປ໋ອງ BDC,เซฟาเลกซิน 500mg 500แคปซูล/กระปุก BDC,Cefalexin 500mg 500Cap/Bottle BDC,Cephalexyl,No,No,General,ປ໋ອງ
08921,ເຊຟາເລັກຊິລ (ເຊຟາເລັກຊິນ) 500mg 10ແຜງ/ກັບ SAP,เซฟาเลกซิล (เซฟาเลกซิน) 500mg 10แผง/กล่อง SAP,Cephalexyl (Cephalexin) 500mg 10Bl/Box SAP,Cephalexyl,No,No,General,ແຜງ
12168,ເຊຟູໂຣຊິມ NIKP 500mg 10ແຜງ/ກັບ FML,เซฟูรอกซิม NIKP 500mg 10แผง/กล่อง FML,Cefuroxime NIKP 500mg 10Bl/Box FML,Cefuroxime,No,No,General,ແຜງ
01947,ເຊີຕິນ (ເຊຕີຣີຊິນ) 10mg 10ແຜງ/ກັບ FML,เซอร์ติน (เซทิริซีน) 10mg 10แผง/กล่อง FML,Zertine (Cetirizine) 10mg 10Bl/Box FML,Zertine,No,No,General,ແຜງ
01946,ເຊີຕິນ ນໍ້າ 5mg 60ml FML,เซอร์ติน น้ำ 5mg 60ml FML,Zertin Syr 5mg 60ml FML,Zertine,No,No,General,ກ້ອງFl
15617,ເຊັນເຊີລ່າ ​200mg ຂ້າ​ແມ່​ທ້ອງ​ແບບ​ຊອງ 10ml/ຊອງ,เซนเซร่า ​200mg ​​​​ซอง 10ml/ซอง,Zenzera supersion 200mg 10ml/Sach,Zenzera,Yes,No,Strategic,ຊອງ
01945,ເຊັນເຊີລ່າ (ອັນເບນດາໂຊນ) 200mg 100ເມັດ/ປ໋ອງ BDC,เซนเซร่า (อัลเบนดาโซล) 200mg 100เม็ด/กระปุก BDC,Zencera () 200mg 100Tab/Bottle BDC,Zenzera,Yes,No,Strategic,ເມັດTab
01944,ເຊັນເຊີລ່າ (ອັນເບນດາໂຊນ) 200mg 2ເມັດ/ແຜງ BDC,เซนเซร่า (อัลเบนดาโซล) 200mg 2เม็ด/แผง BDC,Zenzera (Albendazole) 200mg 2Tab/Bl BDC,Zenzera,Yes,No,Strategic,ກັບນ້ອຍ
18682,ເຊັນໂຕຊາຍ (ປາຣາຊີກັງແຕນ) 600mg ແຜງ/ກັບ,เซนโตไซด์ (พราซิควอนเทล) 600mg แผง/กล่อง,Zentozide (Praziquantel) 600mg Bl/Box,Zentocide,Yes,Yes,Strategic,ກັບ
00773,ເດັກໂຕເມໂຕຟາມ 15mg 50ແຜງ/ກັບ BDC,เดกซ์โทรเมทอร์แฟน 15mg 50แผง/กล่อง BDC,Dextromethorphan 15mg 50Bl/Box BDC,Dextromethorphan,No,No,General,ແຜງ
01419,ເນັບໄທ ນີເມຊູໄລ 100mg 50ແຜງ/ກັບ BDC,เนปไท นิเมซูไลด์ 100mg 50แผง/กล่อง BDC,Nepthai 100mg 50Bl/Box BDC,Nepthai,No,No,General,ແຜງ
00409,ເບສຕາຕິນ 20mg 10ແຜງ/ກັບ FML,เบสแตติน 20mg 10แผง/กล่อง FML,Bestatin 20mg 10Bl/Box FML,Bestatin,No,No,General,ແຜງ
03884,ເບຕາຮີດ 6mg 10ແຜງ/ກັບ FML,เบตาฮิสต์ 6mg 10แผง/กล่อง FML,Betahist 6mg 10Bl/Box FML,Betahist,No,No,General,ແຜງ
01657,ເປດແຄັບ (ເປດນີໂຊໂລນ) 5mg 1000ເມັດ/ປ໋ອງ BDC,เพรดแคป (เพรดนิโซโลน) 5mg 1000เม็ด/กระปุก BDC,Predcap () 5mg 1000Tab/Bottle BDC,Predcap,No,No,General,ເມັດTab
01012,ເຟກໂຊຕິນ (ເຟກໂຊເຟນາດິນ) 60mg 10ກັບ/ແພັກ FML,เฟกโซทีน (เฟกโซเฟนาดีน) 60mg 10กล่อง/แพ็ค FML,Fexotine (Fexofenadin) 60mg 10Box/Pack FML,Fexotine,No,No,General,ກັບ
01278,ເມັດຟໍມິນ 500mg 500ເມັດ/ປ໋ອງ BDC,เมตฟอร์มิน 500mg 500เม็ด/กระปุก BDC,Metformin 500mg 500Tab/Bottle BDC,Metformin,No,No,General,ເມັດTab
01280,ເມັດຟໍມິນ 500mg 50ແຜງ/ກັບ BDC,เมตฟอร์มิน 500mg 50แผง/กล่อง BDC,Metformin 500mg 50Bl/Box BDC,Metformin,No,No,General,ແຜງ
04264,"ແຄບຊີກ້າ 0,0125% ສເປຼ ແພກ 100ml","แคปซิก้า 0,0125% สเปรย์ แพ็ค 100ml","Capsika 0,0125% Spray Pack 100ml",Capsika,Yes,Yes,Strategic,ກ້ອງFl
00580,"ແຄບຊີກ້າ 0,0125% ເຈວ 15g BDC","แคปซิก้า 0,0125% เจล 15g BDC","Capsika 0,0125% Gel 15g BDC",Capsika,Yes,Yes,Strategic,ຫຼອດTub
00581,"ແຄບຊີກ້າ 0,0125% ເຈວ 35g BDC","แคปซิก้า 0,0125% เจล 35g BDC","Capsika 0,0125% gel 35g BDC",Capsika,Yes,Yes,Strategic,ຫຼອດTub
04267,ແຄບຊີກ້າ ເຈວ 60g,แคปซิก้า เจล 60g,Capsika Gel 60g,Capsika,Yes,Yes,Strategic,ຫຼອດTub
04262,ແຄບຊີກ້າ ໂລຊັນ ສປັນ ແພກ 80ml,แคปซิก้า โลชั่น สปอนจ์แพ็ค 80ml,Capsika Lotion SpongPak 80ml,Capsika,Yes,Yes,Strategic,ກ້ອງFl
04553,"ແຄບຊີກ້າ-25 (0,025%) ເຈວ 15g BDC","แคปซิก้า-25 (0,025%) เจล 15g BDC","Capsika-25 (0,025%) Gel 15g BDC",Capsika,Yes,Yes,Strategic,ຫຼອດTub
04353,"ແຄບຊີກ້າ-25 (0,025%) ເຈວ 35g","แคปซิก้า-25 (0,025%) เจล 35g","Capsika-25 (0,025%) gel 35g",Capsika,Yes,Yes,Strategic,ຫຼອດTub
04266,"ແຄບຊີກ້າ-25 (0,025%) ເຈວ 60g","แคปซิก้า-25 (0,025%) เจล 60g","Capsika-25 (0,025%) Gel 60g",Capsika,Yes,Yes,Strategic,ຫຼອດTub
04265,ແຄບຊີກ້າ-25 ໂລຊັນ ສປັນ ແພກ 80ml,แคปซิก้า-25 โลชั่น สปอนจ์แพ็ค 80ml,Capsika-25 Lotion SpongPak 80ml,Capsika,Yes,Yes,Strategic,ກ້ອງFl
02020,ແຄບຊີກ້າ-25 ໂລຊັນ ສເປຼ 100ml BDC,แคปซิก้า-25 โลชั่น สเปรย์ 100ml BDC,Capsika-25 Lotion Spray 100ml BDC,Capsika,Yes,Yes,Strategic,ກ້ອງFl
11325,ແຄບຊີກ້າ-75 ໂລຊັນ ສປັນ ແພກ 80ml,แคปซิก้า-75 โลชั่น สปอนจ์แพ็ค 80ml,Capsika-75 Lotion SpongPak 80ml,Capsika,Yes,Yes,Strategic,ກ້ອງFl
07944,ແຄວຊາ ແຄວຊຽມ 1500mg 10ຊອງ/ກັບ BDC,แคลซ่า แคลเซียม 1500mg 10ซอง/กล่อง BDC,Calza 1500mg 10Sach/Box BDC,Calza,Yes,No,Strategic,ກັບນ້ອຍ
05252,ແຟງໂກ (ໂຄຕິມາໂຊນ) ຄຼີມ 15g BDC,แฟงโก (โคลไตรมาโซล) ครีม 15g BDC,Fango (Clotrimazole) cream 15g BDC,Fango,Yes,No,Strategic,ຫຼອດTub
00996,ແຟງໂກ (ໂຄຕິມາໂຊນ) ຄຼີມ 5g BDC,แฟงโก (โคลไตรมาโซล) ครีม 5g BDC,Fango (Clotrimazole) cream 5g BDC,Fango,Yes,No,Strategic,ຫຼອດTub
05944,ແຟງໂກ-ບີ ຄຼີມ 15g BDC,แฟงโก-บี ครีม 15g BDC,Fango-B Cream 15g BDC,Fango,Yes,No,Strategic,ຫຼອດTub
00997,ແຟງໂກ-ບີ ຄຼີມ 5g BDC,แฟงโก-บี ครีม 5g BDC,Fango-B Cream 5g BDC,Fango,Yes,No,Strategic,ຫຼອດTub
00503,ແອນແຊັກ ຟູໂລຊິຕິນ 20mg 500ເມັດ/ປ໋ອງ BDC,แอนแซก ฟลูออกซิทีน 20mg 500เม็ด/กระปุก BDC,Anxac 20mg 500Tab/Bottle BDC,Anxac,No,No,General,ເມັດTab
11647,ແອນແຊັກ ຟູໂລຊິຕິນ ບົວ 20mg 1000Tab/Bott BDC,แอนแซก ฟลูออกซิทีน ชมพู 20mg 1000Tab/Bott BDC,Anxac Pink 20mg 1000Tab/Bott BDC,Anxac,No,No,General,ເມັດTab
14106,ແອນແຊັກ ຟູໂລຊີຕິນ HCI 20mg 10ແຜງ/ກັບ,แอนแซก ฟลูออกซิทีน HCI 20mg 10แผง/กล่อง,Anzac fluoxetin HCI 20mg 10Bl/Box,Anxac,No,No,General,ແຜງ
03444,ໂຄຕຼີຊິນ (ບັກຕຼິມ) 480mg 50ແຜງ/ກັບ BDC,โคตริซิน (แบคทริม) 480mg 50แผง/กล่อง BDC,Cotricin () 480mg 50Bl/Box BDC,Cotricin,No,No,General,ແຜງ
01474,ໂນລາເຟັ້ນ 500mg 500ເມັດ/ປ໋ອງ BDC,โนลาเฟน 500mg 500เม็ด/กระปุก BDC,Noraphen 500mg 500Tab/Bottle BDC,Noraphen,No,No,General,ປ໋ອງ
01475,ໂນລາເຟັ້ນ 500mg 50ແຜງ/ກັບ BDC,โนลาเฟน 500mg 50แผง/กล่อง BDC,Noraphen 500mg 50Bl/Box BDC,Noraphen,No,No,General,ແຜງ
17100,ໂພຊີອຸດ15 10ຊອງ/ກັບ TH,โปรซีอุส 15 10ซอง/กล่อง TH,Prozeus15 10Sach/Box TH,Prozeus,Yes,Yes,Strategic,ກັບ
17101,ໂພຊີອຸດ15 30ຊອງ/ກັບ TH,โปรซีอุส 15 30ซอง/กล่อง TH,Prozeus15 30Sach/Box TH,Prozeus,Yes,Yes,Strategic,ກັບ
01242,ໂລປິວ 2mg 1000ເມັດ/ປ໋ອງ BDC,โลปิล 2mg 1000เม็ด/กระปุก BDC,Lopil 2mg 1000Tab/Bottle BDC,Lopil,No,No,General,ເມັດTab
01243,ໂລປິວ 2mg 50ແຜງ/ກັບ BDC,โลปิล 2mg 50แผง/กล่อง BDC,Lopil 2mg 50Bl/Box BDC,Lopil,No,No,General,ແຜງ
01244,ໂລລີຕ້າ (ໂລລາຕາດິນ) 10mg 10ແຜງ/ກັບ FML,โลลิต้า (ลอราทาดีน) 10mg 10แผง/กล่อง FML,Lorita (Loratadine) 10mg 10Bl/Box FML,Lolita,No,No,General,ແຜງ
01500,ໂອໂຟຼຊີ (ໂອໂຟຼຊາຊິນ) 200mg 10ແຜງ/ກັບ,โอฟลอซี (โอฟล็อกซาซิน) 200mg 10แผง/กล่อง,Oflocee (Ofloxacin) 200mg 10Bl/Box,Oflocee,No,No,General,ແຜງ
04580,ໂອໂຟຼຊີ (ໂອໂຟຼຊາຊິນ) 200mg 10ແຜງ/ກັບ BDC,โอฟลอซี (โอฟล็อกซาซิน) 200mg 10แผง/กล่อง BDC,Oflocee () 200mg 10Bl/Box BDC,Oflocee,No,No,General,ແຜງ
06471,ໄກບີນິນ 50ແຜງ/ກັບ BDC,กลัยนิน 50แผง/กล่อง BDC,Glynin 50Bl/Box BDC,Glynin,No,No,General,ແຜງ
08454,ໄດອາບີເດີມ ຄຼີມ 10% 15g (ສີຂຽວ) BDC,ไดอาเบเดิร์ม ครีม 10% 15g (สีเขียว) BDC,Diabederm Cream 10% 15g (Green) BDC,Diabederm,Yes,Yes,Strategic,ຫຼອດTub
05946,ໄດອາບີເດີມ ຄຼີມ 10% 35g (ສີຂຽວ) BDC,ไดอาเบเดิร์ม ครีม 10% 35g (สีเขียว) BDC,Diabederm cream 10% 35g (Green) BDC,Diabederm,Yes,Yes,Strategic,ຫຼອດTub
05251,ໄດອາບີເດີມ ຄຼີມ 10% 450g BCD,ไดอาเบเดิร์ม ครีม 10% 450g BCD,Diabederm Cream 10% 450g BCD,Diabederm,Yes,Yes,Strategic,ປ໋ອງ
08453,ໄດອາບີເດີມ ຄຼີມ 20% 15g (ສີຟ້າ) BDC,ไดอาเบเดิร์ม ครีม 20% 15g (สีฟ้า) BDC,Diabederm Cream 20% 15g (Blue) BDC,Diabederm,Yes,Yes,Strategic,ຫຼອດTub
06243,ໄດອາບີເດີມ ຄຼີມ 20% 35g (ສີຟ້າ) BDC,ไดอาเบเดิร์ม ครีม 20% 35g (สีฟ้า) BDC,Diabederm cream 20% 35g (Blue) BDC,Diabederm,Yes,Yes,Strategic,ຫຼອດTub
05250,ໄດອາບີເດີມ ຄຼີມ 20% 450g BCD,ไดอาเบเดิร์ม ครีม 20% 450g BCD,Diabederm Cream 20% 450g BCD,Diabederm,Yes,Yes,Strategic,ປ໋ອງ
19501,ໄດອາບີເດີມ ໂລຊັ່ນ 10% (ສີຂຽວ) 200ml BDC,ไดอาเบเดิร์ม โลชั่น 10% (สีเขียว) 200ml BDC,Diabederm lotion 10% 200ml BDC,Diabederm,Yes,Yes,Strategic,ກ້ອງFl
17616,ໄພວານາ ຄຼີມ 100g BDC,ไพลวาน่า ครีม 100g BDC,Plaivana Cream 100g BDC,Plaivana,Yes,Yes,Strategic,ຫຼອດTub
07539,ໄພວານາ ຄຼີມ 14% 15g BDC,ไพลวาน่า ครีม 14% 15g BDC,Plaivana Cream 14% 15g BDC,Plaivana,Yes,Yes,Strategic,ຫຼອດTub
07545,ໄພວານາ ຄຼີມ 14% 35g BDC,ไพลวาน่า ครีม 14% 35g BDC,Plaivana cream 14% 35g BDC,Plaivana,Yes,Yes,Strategic,ຫຼອດTub
00895,ໄອຄ໋ອບ-ຈີ 15mg 1000ເມັດ/ປ໋ອງ BDC,ไอค็อฟ-จี 15mg 1000เม็ด/กระปุก BDC,Icof-G 15mg 1000Tab/Bottle BDC,Icof,No,No,General,ປ໋ອງ
00896,ໄອຄ໋ອບ-ຈີ 15mg 50ແຜງ/ກັບ BDC,ไอค็อฟ-จี 15mg 50แผง/กล่อง BDC,Icof-G 15mg 50Bl/Box BDC,Icof,No,No,General,ແຜງ
00894,ໄອຄ໋ອບ-ບີ 15mg 1000ເມັດ/ປ໋ອງ BDC,ไอค็อฟ-บี 15mg 1000เม็ด/กระปุก BDC,Icof-B 15mg 1000Tab/Bottle BDC,Icof,No,No,General,ເມັດTab
18238,Clinovir-800mg 7Bl/Box TH,Clinovir-800mg 7Bl/Box TH,Clinovir-800mg 7Bl/Box TH,Clinovir,No,No,General,Unit
15712,Arotika rub lotion 80ml,Arotika rub lotion 80ml,Arotika rub lotion 80ml,Arotika,Yes,No,Strategic,Unit
19095,(Free) Fartussin 10Bl/Box 15mg FML,(Free) Fartussin 10Bl/Box 15mg FML,(Free) Fartussin 10Bl/Box 15mg FML,Fartussin,No,No,General,Unit
19122,(Free) Clinivate-N cream 5g BDC,(Free) Clinivate-N cream 5g BDC,(Free) Clinivate-N cream 5g BDC,Klenivet,No,No,General,Unit
18922,(Free) Tiger star ໝໍ້ແດງ SP-100,(Free) Tiger star ໝໍ້ແດງ SP-100,(Free) Tiger star ໝໍ້ແດງ SP-100,Tiger,No,No,General,Unit
18923,(Free) Safe & Save ກາຕົ້ມນໍ້າໄຟຟ້າ 1.8L TH,(Free) Safe & Save ກາຕົ້ມນໍ້າໄຟຟ້າ 1.8L TH,(Free) Safe & Save ກາຕົ້ມນໍ້າໄຟຟ້າ 1.8L TH,Safe,No,No,General,Unit
18578,(Free) Capsika-25 lotion spong pak 80ml,(Free) Capsika-25 lotion spong pak 80ml,(Free) Capsika-25 lotion spong pak 80ml,Capsika,Yes,No,Strategic,Unit
19121,(Free) Capsika-75 lotion sponge pak 80ml,(Free) Capsika-75 lotion sponge pak 80ml,(Free) Capsika-75 lotion sponge pak 80ml,Capsika,Yes,No,Strategic,Unit
19123,(Free) Gynogesic (Mefenamic acid) 500mg 10Bl/Box BDC,(Free) Gynogesic (Mefenamic acid) 500mg 10Bl/Box BDC,(Free) Gynogesic (Mefenamic acid) 500mg 10Bl/Box BDC,Gynogesic,No,No,General,Unit
19325,(Free) Zenzera supersion 200mg 10ml/Sach,(Free) Zenzera supersion 200mg 10ml/Sach,(Free) Zenzera supersion 200mg 10ml/Sach,Zenzera,Yes,No,Strategic,Unit
19342,(Free) Camping chair ຕັ່ງແຄມປິ້ງ,(Free) Camping chair ຕັ່ງແຄມປິ້ງ,(Free) Camping chair ຕັ່ງແຄມປິ້ງ,Camping,No,No,General,Unit
18642,(Free) Precius (Pregabalin) 75mg 6Bl/Box,(Free) Precius (Pregabalin) 75mg 6Bl/Box,(Free) Precius (Pregabalin) 75mg 6Bl/Box,Precius,Yes,No,Strategic,Unit
19326,(Free) Zertin SP 5mg 60ml FML,(Free) Zertin SP 5mg 60ml FML,(Free) Zertin SP 5mg 60ml FML,Zertine,No,No,General,Unit
19356,(Free) Sporaxyl (Ketoconasol) cream 5g BDC,(Free) Sporaxyl (Ketoconasol) cream 5g BDC,(Free) Sporaxyl (Ketoconasol) cream 5g BDC,Sporosil,No,No,General,Unit
19404,(Free) Camping table ໂຕະແຄມປິ້ງ,(Free) Camping table ໂຕະແຄມປິ້ງ,(Free) Camping table ໂຕະແຄມປິ້ງ,Camping,No,No,General,Unit
19358,(Free) Clinovir (Acidclovir) cream 5g BDC,(Free) Clinovir (Acidclovir) cream 5g BDC,(Free) Clinovir (Acidclovir) cream 5g BDC,Clinovir,No,No,General,Unit
19355,(Free) Zenzera (Albendazole) 200mg 2Tab/Bl BDC,(Free) Zenzera (Albendazole) 200mg 2Tab/Bl BDC,(Free) Zenzera (Albendazole) 200mg 2Tab/Bl BDC,Zenzera,Yes,No,Strategic,Unit
19359,(Free) Ciproxyl (Ciprofloxacin) 500mg 10Bl/Box FML,(Free) Ciproxyl (Ciprofloxacin) 500mg 10Bl/Box FML,(Free) Ciproxyl (Ciprofloxacin) 500mg 10Bl/Box FML,Ciprocin,No,No,General,Unit
19406,(Free) Zertine (Cetirizine) 10mg 10Bl/Box FML,(Free) Zertine (Cetirizine) 10mg 10Bl/Box FML,(Free) Zertine (Cetirizine) 10mg 10Bl/Box FML,Zertine,No,No,General,Unit
19440,(Free) Cephalexyl (Cephalexin) 500mg 10Bl/Box SAP,(Free) Cephalexyl (Cephalexin) 500mg 10Bl/Box SAP,(Free) Cephalexyl (Cephalexin) 500mg 10Bl/Box SAP,Cephalexyl,No,No,General,Unit
19124,(Free) Gi-Bismol 240ml BDC,(Free) Gi-Bismol 240ml BDC,(Free) Gi-Bismol 240ml BDC,Gastro-Bismol,Yes,No,Strategic,Unit
19441,(Free) Insulated cup ຈອກເກັບຄວາມເຢັນ,(Free) Insulated cup ຈອກເກັບຄວາມເຢັນ,(Free) Insulated cup ຈອກເກັບຄວາມເຢັນ,Insulated,No,No,General,Unit
19442,(Free) Stugin (Cinnarizine) 25mg 50Bl/Box BDC,(Free) Stugin (Cinnarizine) 25mg 50Bl/Box BDC,(Free) Stugin (Cinnarizine) 25mg 50Bl/Box BDC,Stugin,No,No,General,Unit
19357,(Free) Clinivate-N cream 5g BDC,(Free) Clinivate-N cream 5g BDC,(Free) Clinivate-N cream 5g BDC,Klenivet,No,No,General,Unit
18575,(Free) Glucosa 1500mg Red 30Sach/Box BDC,(Free) Glucosa 1500mg Red 30Sach/Box BDC,(Free) Glucosa 1500mg Red 30Sach/Box BDC,Glucosa,Yes,No,Strategic,Unit
18579,(Free) Hepivir (Hepatitis B) entecavir 0.5mg 3Bl/Box TH,(Free) Hepivir (Hepatitis B) entecavir 0.5mg 3Bl/Box TH,(Free) Hepivir (Hepatitis B) entecavir 0.5mg 3Bl/Box TH,Hepivir,Yes,No,Strategic,Unit
18581,(Free) Finasteride 1mg 3Bl/Box,(Free) Finasteride 1mg 3Bl/Box,(Free) Finasteride 1mg 3Bl/Box,Finasteride,Yes,No,Strategic,Unit
18576,(Free) Sporaxyl (Ketoconasol) cream 15g BDC,(Free) Sporaxyl (Ketoconasol) cream 15g BDC,(Free) Sporaxyl (Ketoconasol) cream 15g BDC,Sporosil,No,No,General,Unit
18577,(Free) Gastro bismol 524,(Free) Gastro bismol 524,(Free) Gastro bismol 524,Gastro-Bismol,Yes,No,Strategic,Unit
18638,(Free) Plaivana cream 14% 35g BDC,(Free) Plaivana cream 14% 35g BDC,(Free) Plaivana cream 14% 35g BDC,Plaivana,Yes,No,Strategic,Unit
18920,(Free) Sunny ກາຕົ້ມນໍ້າໄຟຟ້າ 2L (1500W),(Free) Sunny ກາຕົ້ມນໍ້າໄຟຟ້າ 2L (1500W),(Free) Sunny ກາຕົ້ມນໍ້າໄຟຟ້າ 2L (1500W),Sunny,No,No,General,Unit
18921,(Free) Otto ໝໍ້ຊີ້ນຈຸ່ມ+ດາດ GR-175A (1900W),(Free) Otto ໝໍ້ຊີ້ນຈຸ່ມ+ດາດ GR-175A (1900W),(Free) Otto ໝໍ້ຊີ້ນຈຸ່ມ+ດາດ GR-175A (1900W),Otto,No,No,General,Unit
18919,(Free) Otto ໝໍ້ທອດໄຟຟ້າ DF-377 6L (2500W),(Free) Otto ໝໍ້ທອດໄຟຟ້າ DF-377 6L (2500W),(Free) Otto ໝໍ້ທອດໄຟຟ້າ DF-377 6L (2500W),Otto,No,No,General,Unit
18637,(Free) Clenascar gel 7g BDC,(Free) Clenascar gel 7g BDC,(Free) Clenascar gel 7g BDC,Clenascar,Yes,No,Strategic,Unit
18639,"(Free) Capsika 0,0125% gel 35g BDC","(Free) Capsika 0,0125% gel 35g BDC","(Free) Capsika 0,0125% gel 35g BDC",Capsika,Yes,No,Strategic,Unit
